#,Country/territory,Date of first store,First outlet location,No. ofoperatingoutlets,Source and date of source,Population per outlet,Notes
1,United States,"May 15, 1940Franchise: April 15, 1955","San Bernardino, CaliforniaDes Plaines, Illinois(Franchise)","13.0,697","(source: Corporate McDonald's December 31, 2025)[5]","25.0,483",First outlet. SeeMcDonald's USA
2,Canada(details),"June 3, 1967","Richmond, British Columbia(Reopened June 23, 2017)","0.0,520","(source: Corporate McDonald's December 31, 2025)[5]","0.0,624",First outlet outside theUnited States. SeeMcDonald's Canada
3,Puerto Rico(territory of United States),"November 10, 1967",San Juan,94,"(source: Corporate McDonald's December 31, 2025)[5]","0.0,284",First McDonald's inLatin Americaand in the Caribbean and the first McDonald's in aHispanophonearea. SeeMcDonald's Puerto Rico
4,U.S. Virgin Islands(territory of United States),"September 5, 1970",Saint Croix,5,"(source: Corporate McDonald's December 31, 2025)[5]",16.000000000,
5,Costa Rica,"December 8, 1970","San José, 4th street, between 1st and Central Avenue.",79,"(source: Corporate McDonald's December 31, 2025)[5]",65.00000004,Third country (not U.S. possession) where McDonald's opened. SeeMcDonald's Costa Rica
6,Australia,"May 30, 1971","Yagoona, New South Wales[19]",1.0000076,"(source: Corporate McDonald's December 31, 2025)[5]",25.00000004,"First outlet inOceania, outside theAmericas, and in theSouthern Hemisphere. SeeMcDonald's Australia. Locally nicknamed as Maccas."
7,Guam(territory of United States),"June 10, 1971",Dededo,6,(source: McDonald's Guam 2025)[20],"28.0,364",First outlet inMicronesia. SeeMcDonald's Guam & Saipan
8,Japan,"July 21, 1971","GinzaMitsukoshi,Ginza,Chuo City,Tokyo","0.0,025","(source: Corporate McDonald's December 31, 2025)[5]","0.0,472","First outlet inAsia, McDonald's Holdings Company Japan, Inc.[21]locally known asmakku(マック)andmakudo.[22]SeeMcDonald's Japan"
9,Netherlands,"August 21, 1971",Zaandam,266,"(source: Corporate McDonald's December 31, 2025)[5]","69.0,356",This was the first outlet inEurope. Opened in 1971 by European Master Franchisees Jan Sybesma McDonald's Europe – Plan to open 15 more stores in the next 4 years. SeeMcDonald's Netherlands
10,Panama,"September 1, 1971",Panama City,84,"(source: Corporate McDonald's December 31, 2025)[5]",55.0000068,SeeMcDonald's Panama
11,Germany,"November 22, 1971(West Germany)March 1, 1983 (West Berlin)[23]December 21, 1990(former East Germany)[24]",Munich(West Germany)Plauen(former East Germany),"0.0,382","(source: Corporate McDonald's December 31, 2025)[5]","0.0,524",First outlet inWest Germanyopened inMunich-Obergiesingin 1971. McDonald's is locally known as Mäkkes. First outlet in thenew states of Germanyopened inPlauenin 1990 followingreunification. SeeMcDonald's Germany
12,France(details),"June 30, 1972",Créteil,"1,629[note 1]","(source: Corporate McDonald's December 31, 2025)[5]","40.0,974","First outlet in Créteil in 1972 even though McDonald's officially recognizes the first outlet in Strasbourg in 1979. In 2019, France was the largest European market for the hamburger chain. SeeMcDonald's France."
13,El Salvador,"July 20, 1972",San Salvador,28,"(source: Corporate McDonald's December 31, 2025)[5]","0.0,259",
14,Sweden,"October 27, 1973","Kungsgatan4,Stockholm",205,"(source: Corporate McDonald's December 31, 2025)[5]","0.0,200",First outlet inScandinavia. SeeMcDonald's Sweden
15,Guatemala,"June 6, 1974",Guatemala City,124,"(source: Corporate McDonald's December 31, 2025)[5]","152.0,968",SeeMcDonald's Guatemala
16,Curaçao(part ofNetherlands Antillesat the time),"August 16, 1974",Willemstad,5,"(source: Corporate McDonald's December 31, 2025)[5]",37.0000088,
17,United Kingdom,"England: November 13, 1974[25]Wales: December 3, 1984Scotland: November 23, 1987[26]Northern Ireland: October 12, 1991","Woolwich,London(England)Cardiff(Wales)Dundee(Scotland)Belfast(Northern Ireland)",1.00000005,"(source: Corporate McDonald's December 31, 2025)[5]","46.0,466",SeeMcDonald's UK
18,Hong Kong(British Hong Kong at the time),"January 8, 1975","Paterson Street,Causeway Bay,Hong Kong Island(now closed)[27]",266,"(source: Corporate McDonald's December 31, 2025)[5]","27.0,739",First outlet in aChinese-speakingterritory. Hong Kong was then a BritishCrown colony/Dependent Territory; McDonald's would open up a restaurant in China itself 15 years later. SeeMcDonald's Hong Kong
19,Bahamas,"August 4, 1975",Nassau,3,"(source: Corporate McDonald's December 31, 2025)[5]","134.0,876",First outlet in an independent country of the Caribbean. SeeMcDonald's Bahamas
20,New Zealand(details),"June 7, 1976","PoriruaCentral,Wellington[28]",176,"(source: Corporate McDonald's December 31, 2025)[5]","0.0,042","Founded in New Zealand by Wally andHugh Morris[29]FirstSouth Islandrestaurants opened atLinwoodandMerivale, bothChristchurch, on November 3, 1987.[30]SeeMcDonald's New Zealand."
21,Switzerland,"October 20, 1976",Geneva,188,"(source: Corporate McDonald's December 31, 2025)[5]","47.0,914",First outlet in alandlocked country. SeeMcDonald's Switzerland
22,Ireland,"May 9, 1977","Grafton Street,Dublin",95,"(source: Corporate McDonald's December 31, 2025)[5]","56.0,389","First drive-thru in Europe opened in Nutgrove, Dublin and first McCafé in Europe Grafton Street, Dublin. SeeMcDonald's Ireland"
23,Austria,"July 21, 1977","Schwarzenbergplatz,Vienna",212,"(source: Corporate McDonald's December 31, 2025)[5]","42.0,959",SeeMcDonald's Austria
24,Belgium,"March 21, 1978",Brussels,128,"(source: Corporate McDonald's December 31, 2025)[5]","91.0,989",SeeMcDonald's Belgium
25,Brazil,"February 13, 1979","Copacabana,Rio de Janeiro","0.0,230","(source: Corporate McDonald's December 31, 2025)[5]","0.0,628","First outlet opened inCopacabana, Rio de Janeiro, in 1979. First outlet opened inSouth Americaand first outlet in alusophonecountry. Locally known as Méqui."
26,Singapore,"October 20, 1979","Liat Towers,Orchard Road",153,"(source: Corporate McDonald's December 31, 2025)[5]",38.000000000,First outlet inSoutheast AsiaatLiat Towers. SeeMcDonald's Singapore[31]
27,Spain,"March 10, 1981","Gran Vía,Madrid",659,"(source: Corporate McDonald's December 31, 2025)[5]","72.0,611",First outlet in theIberian Peninsula. SeeMcDonald's Spain
28,Denmark,"April 15, 1981","Vesterbrogade2D,Copenhagen",121,"(source: Corporate McDonald's December 31, 2025)[5]","49.0,781",SeeMcDonald's Denmark
29,Philippines(details),"September 27, 1981","Nicanor Reyes Street (Morayta),Sampaloc,Manila",851,"(source: mindanews.com June 30, 2025)[32]","138.0,337",Licensed toAlliance Global Group. SeeMcDonald's Philippines.
30,Malaysia,"April 29, 1982","Jalan Bukit Bintang,Kuala Lumpur[33]",372,"(source: Corporate McDonald's December 31, 2025)[5]",97.00000009,First outlet in aMuslim-majority country. SeeMcDonald's Malaysia
31,Norway,"November 18, 1983","Nedre Slottsgate,Oslo",95,"(source: Corporate McDonald's December 31, 2025)[5]",59.00000005,The world's northernmost branch is located inTromsø. SeeMcDonald's Norway[dead link]
32,Taiwan,"January 28, 1984","Minsheng East Road,Taipei",430,"(source: Corporate McDonald's December 31, 2025)[5]","53.0,515",All restaurants were temporarily closed in 1992 during investigations ofrestaurant bombingsin Taiwan; they reopened after investigations had concluded. SeeMcDonald's Taiwan
33,Andorra,"June 29, 1984",Andorra la Vella,5,"(source: McDonald's Andorra December 27, 2024)[34]","16.0,751",SeeMcDonald's Andorra
34,Finland,"December 14, 1984","Hämeenkatu17,Tampere",90,"(source: Corporate McDonald's December 31, 2025)[5]","62.0,464",The branch inRovaniemiwas the world's northernmost McDonalds from 1997 to 2013 and again from 2022 to 2024. SeeMcDonald's Finland
35,Thailand,"February 23, 1985",Bangkok,242,"(source: Corporate McDonald's December 31, 2025)[5]",295.00000001,SeeMcDonald's Thailand
36,Italy,"March 20, 1985",Bolzano[35],805,"(source: Corporate McDonald's December 31, 2025)[5]","0.0,200",SeeMcDonald's Italy
37,Aruba(part of Netherlands Antilles at the time),"April 4, 1985",Oranjestad,3,"(source: Corporate McDonald's December 31, 2025)[5]",36.0000055,SeeMcDonald's Aruba
38,Luxembourg,"July 17, 1985",Luxembourg City,11,"(source: Corporate McDonald's December 31, 2025)[5]","62.0,495",SeeMcDonald's Luxembourg
39,Venezuela,"August 31, 1985","El Rosal,Caracas(now closed)",79,"(source: Corporate McDonald's December 31, 2025)[5]","0.0,452",SeeMcDonald's Venezuela
40,Mexico,"October 29, 1985","El Pedregal,Mexico City",380,"(source: Corporate McDonald's December 31, 2025)[5]","349.0,994",SeeMcDonald's Mexico
41,Cuba[b],"April 24, 1986",Guantanamo Bay,1,"(source: Corporate McDonald's December 31, 2025)[5]","6,100[c]",Guantanamo Bay; open only to residents of the U.S. military base. Not accessible for Cuban citizens.
42,Turkey,"October 24, 1986",Istanbul,306,"(source: Corporate McDonald's December 31, 2025)[5]",287.000000000,"First outlet opened inEast Thrace; outlets inAnatoliawould open later. Also first outlet in the Turkic-speaking world, with Azerbaijan coming second at 1999. SeeMcDonald's Turkey"
43,Argentina,"November 24, 1986","Belgrano,Buenos Aires",231,"(source: Corporate McDonald's December 31, 2025)[5]",199.000000000,SeeMcDonald's Argentina
44,Macau(Portuguese Macau at the time),"April 11, 1987","Rua do Campo,Cathedral Parish,Macau Peninsula",41,"(source: Corporate McDonald's December 31, 2025)[5]","17.0,639","ThenPortugueseterritory; Technically first on Portuguese land, McDonald's would only open a restaurant in Portugal itself 4 years later. seeList of restaurants."
45,Serbia(part ofYugoslaviaat the time),"March 24, 1988","Slavija Square,Belgrade",41,"(source: Corporate McDonald's December 31, 2025)[5]",170.00000007,First outlet in a communist country and in theBalkans. SeeMcDonald's Serbia
46,South Korea,"March 29, 1988","Gangnam District,Seoul",401,"(source: Corporate McDonald's December 31, 2025)[5]","128.0,679",SeeMcDonald's South Korea
47,Hungary,"April 13, 1988",Budapest[37],123,"(source: Corporate McDonald's December 31, 2025)[5]","77.0,933","First outlet in aWarsaw Pactcountry, thus first outlet behind theIron Curtain. Locally known as Meki. SeeMcDonald's Hungary"
48,China,"October 8, 1990","Dongmen,Luohu District,Shenzhen",7.000000000,"(source: Corporate McDonald's December 31, 2025)[5]","182.0,547",The most in a market besides the US. SeeMcDonald's China
49,Chile,"November 19, 1990","Las Condes,Santiago",125,"(source: Corporate McDonald's December 31, 2025)[5]","159.0,567",SeeMcDonald's Chile
50,Indonesia,"February 23, 1991","Sarinah,Jakarta(now closed)",314,"(source: Corporate McDonald's December 31, 2025)[5]","916.0,837","In 2008, McDonald's franchise license were transferred to Rekso Group. First branch in Sarinah closed in 2020 due to refurbishment of Sarinah itself, the outlet would move 3 years later to the adjacent Jaya Building.[38]SeeMcDonald's Indonesia"
51,Portugal,"May 23, 1991","CascaiShopping,Cascais",220,"(source: Corporate McDonald's December 31, 2025)[5]","0.0,252",SeeMcDonald's Portugal
52,Greece,"November 12, 1991",AthensSyntagma Square,34,"(source: Corporate McDonald's December 31, 2025)[5]","0.0,092",SeeMcDonald's Greece
53,Uruguay,"November 18, 1991","Montevideo Shopping,Montevideo",35,"(source: Corporate McDonald's December 31, 2025)[5]","96.0,644",SeeMcDonald's Uruguay
54,Martinique(part of France),"December 16, 1991",Fort-de-France,10,"(source: Corporate McDonald's December 31, 2025)[5]","33.0,771",SeeMcDonald's French Antilles
55,Czech Republic(part ofCzechoslovakiaat the time),"March 20, 1992","Vodičkova street,Prague",140,"(source: Corporate McDonald's December 31, 2025)[5]","75.0,198",First McDonald's outlet to open after theCold War. SeeMcDonald's Czech Republic
56,Guadeloupe(part of France),"April 8, 1992","Centre de Leyton Square Area,Capesterre-Belle-Eau",9,"(source: Corporate McDonald's December 31, 2025)[5]","41.0,384",SeeMcDonald's French Antilles
57,Poland,"June 17, 1992","Marszałkowska Street, Warsawin department store ""Sezam"" (now closed)",618,"(source: Corporate McDonald's December 31, 2025)[5]","0.0,235",SeeMcDonald's Poland
58,Monaco,"November 20, 1992",Monte Carlo,1,(source: McDonald's France September 2023)[39],38.0000087,
59,Brunei,"December 13, 1992","Mission Hill Road,Bandar Seri Begawan",7,"(source: Corporate McDonald's December 31, 2025)[5]","67.0,111",SeeMcDonald's Brunei
60,Morocco,"December 18, 1992",Casablanca,79,"(source: Corporate McDonald's December 31, 2025)[5]","490.0,664",First outlet inAfricaand the first outlet in theArab World; McDonald's is now present in all continents exceptAntarctica. SeeMcDonald's Morocco
61,Northern Mariana Islands(territory of United States),"March 18, 1993",Saipan,2,(source:McDonald's US 2024),"21.0,457",First outlet opened on the island ofSaipan; second outlet opened in 1997
62,Israel(details),"October 14, 1993","Ayalon Mall,Ramat Gan",235,"(source: Corporate McDonald's December 31, 2025)[5]",41.0000054,First outlet in theMiddle East. SeeMcDonald's Israel.
63,Slovenia,"December 2, 1993","Čopova Street,Ljubljana",29,"(source: Corporate McDonald's December 31, 2025)[5]","72.0,916",SeeMcDonald's Slovenia
64,Saudi Arabia,"December 8, 1993",Riyadh,458,"(source: Corporate McDonald's December 31, 2025)[5]","76.0,781","Home to the most McDonald's in theMiddle East. First outlet in theArabian Peninsula. SeeMcDonalds's Central, Eastern and Northern.SeeMcDonald's Western and Southern"
65,Kuwait,"June 15, 1994",Kuwait City(now closed),89,"(source: Corporate McDonald's December 31, 2025)[5]","57.0,335",Home to the biggest McDonald's in the Middle East.[40]SeeMcDonald's KuwaitThe firstMcDonald'sinKuwaitclosed after 25 years of service due to an expired contract betweenMcDonald'sand theTouristic Enterprises Company[41]SeeMcDonald's Kuwait[dead link]
66,New Caledonia(territory of France),"July 26, 1994",Nouméa,4,(source: McDonald's New Caledonia 2025)[42],"74.0,473",SeeMcDonald's New Caledonia
67,Oman,"July 30, 1994",Salalah,35,"(source: Corporate McDonald's December 31, 2025)[5]","0.0,042",SeeMcDonald's Oman
68,Egypt,"October 20, 1994",Cairo,194,"(source: Corporate McDonald's December 31, 2025)[5]",619.0000078,SeeMcDonald's Egypt
69,Bulgaria,"December 10, 1994",Plovdiv,47,"(source: Corporate McDonald's December 31, 2025)[5]","141.0,865",SeeMcDonald's Bulgaria
70,Bahrain,"December 15, 1994",Manama,32,"(source: Corporate McDonald's December 31, 2025)[5]","0.0,362",SeeMcDonald's Bahrain
71,Latvia,"December 15, 1994",Riga,14,"(source: Corporate McDonald's December 31, 2025)[5]","131.0,138",First outlet in thePost-Soviet areaafterRussia. SeeMcDonald's Latvia
72,United Arab Emirates,"December 21, 1994 (Dubai)June 10, 1995 (Abu Dhabi)",Dubai(1994)Abu Dhabi(1995)[43],222,"(source: Corporate McDonald's December 31, 2025)[5]","52.0,138",SeeMcDonald's UAE
73,Estonia,"April 29, 1995",Tallinn,11,"(source: Corporate McDonald's December 31, 2025)[5]",121.00000006,SeeMcDonald's Estonia
74,Romania,"June 16, 1995","Unirii Square,Bucharest[44]",114,"(source: Corporate McDonald's December 31, 2025)[5]","164.0,918",Locally nicknamed as Mec. SeeMcDonald's RomaniaArchived2020-01-09 at theWayback Machine
75,Malta,"July 7, 1995",Valletta,10,"(source: Corporate McDonald's December 31, 2025)[5]",54.00000001,SeeMcDonald's Malta
76,Colombia,"July 14, 1995","Centro Andino,Bogotá",73,"(source: Corporate McDonald's December 31, 2025)[5]","0.0,852",SeeMcDonald's Colombia
77,Slovakia,"October 14, 1995",Banská Bystrica,54,"(source: Corporate McDonald's December 31, 2025)[5]","100.0,951",SeeMcDonald's Slovakia
78,South Africa,"November 11, 1995","Durban, KwaZulu-Natal",407,"(source: Corporate McDonald's December 31, 2025)[5]","160.0,818",First outlet inSub-Saharan AfricaandSouthern Africa. SeeMcDonald's South Africa
79,Qatar,"December 13, 1995",Doha,78,"(source: Corporate McDonald's December 31, 2025)[5]","40.0,687",SeeMcDonald's Qatar
80,Honduras,"December 14, 1995",Tegucigalpa,16,"(source: Corporate McDonald's December 31, 2025)[5]",699.0000048,SeeMcDonald's Honduras
81,Sint Maarten(part of Netherlands Antilles at the time),"December 15, 1995",Philipsburg,2,"(source: Corporate McDonald's December 31, 2025)[5]","0.0,224",
82,Croatia,"February 2, 1996",Zagreb,49,"(source: Corporate McDonald's December 31, 2025)[5]",78.00000007,SeeMcDonald's Croatia
83,Samoa(namedWestern Samoaat the time),"March 2, 1996",Apia,1,"(source: Corporate McDonald's December 31, 2025)[5]","0.0,528",Facebook
84,Fiji,"May 1, 1996",Suva,5,"(source: Corporate McDonald's December 31, 2025)[5]","187.0,456",SeeMcDonald's Fiji
85,Liechtenstein,"May 3, 1996",Triesen,1,(source: 2018),"40.0,368",SeeMcDonald's Switzerland
86,Lithuania,"June 11, 1996",Vilnius,19,"(source: Corporate McDonald's December 31, 2025)[5]","0.0,228",SeeMcDonald's Lithuania
87,India,"October 13, 1996[45]",New Delhi,757,"(source: Corporate McDonald's December 31, 2025)[5]","1,950,628",First outlet inSouth Asia. SeeMcDonald's IndiaArchived2023-10-27 at theWayback Machine
88,Peru,"October 18, 1996","San Isidro,Lima",30,"(source: Corporate McDonald's December 31, 2025)[5]","1,164,072",SeeMcDonald's Peru
89,Jordan,"November 7, 1996",Amman,45,"(source: Corporate McDonald's December 31, 2025)[5]","257.0,545",SeeMcDonald's JordanArchived2022-12-29 at theWayback Machine
90,Paraguay,"November 21, 1996",Asunción,30,"(source: Corporate McDonald's December 31, 2025)[5]",236.00000009,SeeMcDonald's Paraguay
91,Dominican Republic,"November 30, 1996",Santo Domingo,25,"(source: Corporate McDonald's December 31, 2025)[5]",464.000000000,"Country with the second most locations of McDonald's in the Caribbean, after Puerto Rico. SeeMcDonald's Dominican Republic"
92,French Polynesia(territory of France),"December 10, 1996",Tahiti,5,"(source: Corporate McDonald's December 31, 2025)[5]","56.0,615",See:https://www.facebook.com/McDonalds.Tahiti
93,Trinidad and Tobago,"May 6, 1997",The Falls at West Mall,4,"(source: Corporate McDonald's December 31, 2025)[5]","378.0,317","McDonald's previously had stores in Trinidad (May 6, 1997 – October 25, 2003) but closed due to low sales. Re-opened at The Falls at West Mall in 2011.[46]"
94,Ukraine,"May 24, 1997",NearLukianivskametro station inKyiv,135,"(source: Corporate McDonald's December 31, 2025)[5]","292.0,858",All three restaurants in the peninsula ofCrimeawere permanently closed after the Russian military invasion in March 2014.[47][48]The 2 restaurants inDonetskand the only one inLuhanskwere also permanently closed after theWar in Donbasintensified in late 2014.[49][50]All restaurants in Ukraine were temporarily closed down due to theRussian invasion of Ukrainein February 2022; they reopened in September that same year.[51]The restaurant inKhersonwas destroyedduring the Russian occupationand the restaurant inMelitopolremains closed as the city isunder Russian controlsince March 2022.[52]SeeMcDonald's Ukraine
95,Cyprus,"June 12, 1997",Larnaca,23,"(source: Corporate McDonald's December 31, 2025)[5]",42.00000003,SeeMcDonald's Cyprus
96,Jersey(BritishCrown dependency),"August 1, 1997",Saint Helier,1,?,104.000000000,
97,Ecuador,"October 9, 1997","Centro Comercial Iñaquito (CCI),Quito",36,"(source: Corporate McDonald's December 31, 2025)[5]","512.0,347",SeeMcDonald's Ecuador
98,Réunion(part of France),"December 14, 1997",Saint-Denis,18,"(source: Corporate McDonald's December 31, 2025)[5]","0.0,239",SeeMcDonald's Réunion
99,Isle of Man(BritishCrown dependency),"December 15, 1997",Douglas,1,?,84.0000055,
100,Suriname,"December 18, 1997",Paramaribo,2,"(source: Corporate McDonald's December 31, 2025)[5]","0.0,628",
101,Moldova,"April 30, 1998",Chișinău,11,"(source: Corporate McDonald's December 31, 2025)[5]","0.0,205",SeeMcDonald's Moldova
102,Nicaragua,"July 11, 1998",Managua,10,"(source: Corporate McDonald's December 31, 2025)[5]","709.0,733","All McDonald's outlets in Nicaragua temporarily ceased operation during theNicaraguan Civil Warand were re-opened in 1998 after an absence of two decades. Amidst the war, however, one outlet continued operations as ""Donald's"".[53]SeeMcDonald's Nicaragua"
103,Lebanon,"September 18, 1998",Beirut,23,"(source: Corporate McDonald's December 31, 2025)[5]","0.0,412",SeeMcDonald's Lebanon
104,Pakistan(details),"September 19, 1998[54]",Lahore,70,"(source: Corporate McDonald's December 31, 2025)[5]","3,704,283",SeeMcDonald's Pakistan
105,Georgia,"February 5, 1999","Rustaveli Avenue,Tbilisi",27,"(source: Corporate McDonald's December 31, 2025)[5]","140.0,913",First outlet in theCaucasus. SeeMcDonald's Georgia
106,Gibraltar(territory of United Kingdom),"August 13, 1999",Westside,1,(source: 2018),"40.0,867",SeeMcDonald's Spain
107,Azerbaijan,"November 6, 1999","Fountains Square,Baku",34,"(source: Corporate McDonald's December 31, 2025)[5]","307.0,496",SeeMcDonald's Azerbaijan
108,French Guiana(part of France),"February 22, 2000",Cayenne,3,"(source: Corporate McDonald's December 31, 2025)[5]","0.0,291",SeeMcDonald's French Antilles
109,American Samoa(territory of United States),"September 29, 2000",Pago Pago(now closed),1,(source: McDonald's US 2024),"45.0,319",
110,Mauritius,"July 4, 2001",Port Louis,18,"(source: Corporate McDonald's December 31, 2025)[5]","0.0,281",SeeMcDonald's Mauritius
111,Vietnam,"February 8, 2014",Ho Chi Minh City,45,"(source: Corporate McDonald's December 31, 2025)[5]","2,270,610",SeeMcDonald's VietnamArchived2022-01-31 at theWayback Machine
112,Saint Martin(territory of France),"December 29, 2014[55]",Marigot,1,(source: McDonald's Saint-Martin)[56],"31.0,496",
113,Western Sahara(Morocco's Southern Provinces),"August 10, 2017",Laayoune,1,(source: Publico)[citation needed],"610.0,813"
